studiengang,modul_id,modulname,satz_nr,satz,llm_typ,llm_taxonomie,llm_konfidenz,typ,taxonomie,kommentar
Angewandte Informatik (B.Sc.),AI1005,Betriebswirtschaftslehre 1,2,"Die Studierenden finden sich in der betrieblichen Wirklichkeit, die weitgehend vom betriebswirtschaftlichen Rationalitätspostulat bestimmt ist, zurecht und bringen sich produktiv ein.",K,3,0.60,K,3,
Angewandte Informatik (B.Sc.),AI1002,Digitaltechnik und Rechnersysteme,2,"Angefangen von der Funktionsweise primitiver logischer Verknüpfungen (UND, ODER, Negation) werden auf Grundlage der Booleschen Algebra Methoden entwickelt, welche notwendig sind, um die Funktionsweise von einfachen Von-Neumann Rechnern zu verstehen.",I,,0.90,I,,
Angewandte Informatik (B.Sc.),AI1004,Mathematische Grundlagen der Informatik,5,"Die Studierenden sind in der Lage, mathematische Argumentationen im Bereich der Analysis nachzuvollziehen und erkennen Lücken in mathematischen Argumentationen.",K,4,0.75,K,4,
Angewandte Informatik (B.Sc.),AI1004,Mathematische Grundlagen der Informatik,6,Die Studierenden führen selbst mathematische Argumentationen im Bereich der Analysis.,K,6,0.75,K,6,
Angewandte Informatik (B.Sc.),AI1047,Mensch-Computer-Interaktion,6,Die Studierenden benennen traditionelle Interaktionen und zeigen aktuelle Entwicklungen hinsichtlich des Interaktionsdesigns auf.,K,2,0.75,K,2,
Angewandte Informatik (B.Sc.),AI1010,Algebraische Grundlagen der Informatik,7,Die Studierenden führen selbst mathematische Argumentationen im Bereich der Linearen Algebra.,K,3,0.75,K,6,
Angewandte Informatik (B.Sc.),AI1007,Kommunikationsnetze und -protokolle,5,"Die Studierenden verfolgen die Weiterentwicklung des Internets sowie zugehöriger Anwendungen und Dienste, schätzen diese ein und kennen damit verbundene Risiken und Möglichkeiten.",K,5,0.75,K,5,
Angewandte Informatik (B.Sc.),AI1009,Web-Applikationen,5,"Die Studierenden erstellen fachgerecht interaktive, dynamische Webanwendungen und multimediale Webseiten.",K,6,0.75,K,6,
Angewandte Informatik (B.Sc.),AI1009,Web-Applikationen,9,Die Studierenden kommunizieren und koordinieren in kleinen Lerngruppen die Anwendung praxisrelevanter Werkzeuge anhand von Beispielaufgaben.,K,3,0.75,K,3,
Angewandte Informatik (B.Sc.),AI1012,Algorithmen und Datenstrukturen,5,"Die Studierenden erstellen in Gruppen Programmierlösungen zu gegebenen Problemstellungen, bringen sich aktiv in die Lösungsentwicklung ein und strukturieren die kollaborative Zusammenarbeit selbst.",K,6,0.65,K,6,
Angewandte Informatik (B.Sc.),AI1012,Algorithmen und Datenstrukturen,6,Die Studierenden erstellen in Gruppen Präsentationen zu selbst erarbeiteten komplexen Datenstrukturen und Algorithmen.,K,6,0.60,K,6,
Angewandte Informatik (B.Sc.),AI1014,Datenbanksysteme,2,Erkennen und einordnen von Datenbanken als Grundlage betrieblicher Informationssysteme,K,4,0.75,K,4,
Angewandte Informatik (B.Sc.),AI1014,Datenbanksysteme,8,"Generieren/entwickeln von Datenintegrität, insbesondere in Datenbanken",K,6,0.65,K,6,
Angewandte Informatik (B.Sc.),AI1014,Datenbanksysteme,11,Demonstrieren grundlegendes Verstehen der Umsetzung/des Anlegens von Indices,K,2,0.75,K,2,
Angewandte Informatik (B.Sc.),AI1016,Wissenschaftliche Präsentation und Kommunikation,6,Die Studierenden beherrschen die Zielplanung einer Präsentation .,K,3,0.65,K,3,
Angewandte Informatik (B.Sc.),AI1013,Betriebssysteme,5,Die Studierenden erarbeiten selbstständig Lösungen für vorgegebene Problemstellungen (z.B. Synchronisation von Prozessen).,K,6,0.75,K,6,
Angewandte Informatik (B.Sc.),AI1606,Formale Sprachen – Theoretische Grundlagen und Anwendung,9,"Die Studierenden zeigen, dass ein Wort akzeptiert bzw. generiert wird.",K,3,0.75,K,3,
Angewandte Informatik (B.Sc.),AI1015,Verteilte Systeme,2,"Das Ziel des verteilten Systems (VS) ist es diese Systeme zu integrieren, um das Erscheinungsbild eines einzigen, kohärenten Systems zu präsentieren.",S,,0.95,S,,
Angewandte Informatik (B.Sc.),AI1021,Bachelor-Projekt Angewandte Informatik,2,Die Studierenden vertiefen ihre Fachkenntnis in Spezialisierungen der Informatik.,K,2,0.50,K,2,
Angewandte Informatik (B.Sc.),AI1021,Bachelor-Projekt Angewandte Informatik,3,"Die Studierenden organisieren selbständig das Arbeiten im Team in Form des Projekts (vgl. Arbeitsplan, Ziele, Backlog, Verantwortlichkeiten, Abläufe etc.).",K,6,0.60,K,6,
Angewandte Informatik (B.Sc.),AI1021,Bachelor-Projekt Angewandte Informatik,6,Die Studierenden erstellen für den Projektabschluss eine Ausarbeitung unter Verwendung wissenschaftlich-methodischer Arbeitstechniken.,K,6,0.60,K,6,
Angewandte Informatik (B.Sc.),AI1416,Abschlussmodul Bachelor Angewandte Informatik,2,"Die Studierenden stellen die gewonnenen Ergebnisse verständlich und folgerichtig nach wissenschaftlichen Qualitätsmerkmalen in einer Hausarbeit (Abschlussarbeit) dar,",K,6,0.60,K,6,
Angewandte Informatik (B.Sc.),AI1652,Abschlussmodul-dual Bachelor Angewandte Informatik,2,"Die Studierenden stellen die gewonnenen Ergebnisse verständlich und folgerichtig nach wissenschaftlichen Qualitätsmerkmalen in einer Hausarbeit (Abschlussarbeit) dar,",K,6,0.60,K,6,
Angewandte Informatik (B.Sc.),AI1034,Cloud Services,6,Die Studierenden bringen sich aktiv in die Teamarbeit ein und gehen mit auftretenden Herausforderungen konstruktiv um.,K,3,0.60,K,3,
Angewandte Informatik (B.Sc.),AI1043,Data Mining,1,"Data Mining ist die Gewinnung impliziter, unbekannter und potenziell nützlicher Informationen aus Daten mittels (mathematischer) Methoden.",I,,0.95,I,,
Angewandte Informatik (B.Sc.),AI1043,Data Mining,5,"Die Studierenden tauschen sich mit Fachvertreten und mit Laien über Ideen, Probleme und Lösungen aus.",K,2,0.60,K,2,
Angewandte Informatik (B.Sc.),AI1031,Datenbanktechnologien,9,"Die Studierenden erstellen in Gruppen Lösungen zu Problemstellungen, bringen sich aktiv in die Lösungsentwicklung ein und strukturieren die kollaborative Zusammenarbeit selbst.",K,6,0.75,K,6,
Angewandte Informatik (B.Sc.),AI1048,Digitale Bildverarbeitung,6,Die Studierenden argumentieren mit richtiger Anwendung der Fachterminologie.,K,3,0.75,K,3,
Angewandte Informatik (B.Sc.),AI1030,Entwicklung von betrieblicher Anwendungssoftware,1,"Die Studierenden erkennen die speziellen Fragestellungen, die sich bei der Entwicklung/ Erweiterung von betrieblicher Anwendungssoftware/ Standardsoftware ergeben.",K,4,0.75,K,4,
Angewandte Informatik (B.Sc.),AI1273,Grundlagen der Wirtschaftspolitik,4,Beteiligen sich aktiv an aktuellen wirtschaftspolitischen Debatten.,K,3,0.60,K,3,
Angewandte Informatik (B.Sc.),AI1033,Multimedia-Kommunikation,7,Die Studierenden bringen sich aktiv in die Teamarbeit mit Multimedia-Kommunikationssystemen im Labor ein.,K,3,0.60,K,3,
Angewandte Informatik (B.Sc.),AI1046,Visualisierung,1,"Die Studierenden lernen Theorie und Praxis, Regeln und Werkzeuge für die Umsetzung von Informationen und Daten in eine visuelle Darstellung (visuelle Kommunikation) kennen.",K,1,0.75,K,3,
Angewandte Informatik (B.Sc.),AI1454,Digitalisierung von Geschäftsprozessen mit Low Code,7,Die Studierenden kennen ein Vorgehensmodell zur Durchführung von Low-Code-Projekten und können ihre in diesem Modul erworbenen technischen Kompetenzen dort einordnen und bei Bedarf auf Plattformen mit einem nicht-prozessorientierten Ansatz übertragen.,K,3,0.75,K,3,
Angewandte Informatik (B.Sc.),AI1454,Digitalisierung von Geschäftsprozessen mit Low Code,8,Die Studierenden sind in der Lage die Möglichkeiten der Steuerung von externen Anwendungen/ Auslagerungen von Funktionen in externen Anwendungen – speziell via Webtechnologien - einschätzen und für einfache Fälle auch implementieren.,K,5,0.75,K,5,
Angewandte Informatik (M.Sc.),AI5017,Masterseminar,1,Die Studierenden vertiefen ein vorgegebenes Thema anhand wissenschaftlicher Literatur.,K,3,0.75,K,3,
Angewandte Informatik (M.Sc.),AI5017,Masterseminar,3,Die Studierenden tragen aktiv an Diskussionen zu einem wissenschaftlichen Vortrag bei.,K,3,0.75,K,3,
Angewandte Informatik (M.Sc.),AI5016,Research Project,3,Die Studierenden definieren selbständig ihr Forschungsprojekt.,K,6,0.75,K,6,
Angewandte Informatik (M.Sc.),AI5168,Mathematische Methoden für die Informatik,6,Die Studierenden lösen Aufgaben und erklären ihre eigenen Lösungswege.,K,3,0.75,K,3,
Angewandte Informatik (M.Sc.),AI5022,Advanced Computer Networks,7,Die Studierenden kennen fortgeschrittene Werkzeuge für die Analyse der Netz-Performance sowie -Simulation und Emulation und bilden damit Fragestellungen aus aktuellen Papern und Forschungsansätzen im Team fachgerecht nach.,K,6,0.60,K,6,
Angewandte Informatik (M.Sc.),AI5022,Advanced Computer Networks,9,Die Studierenden wirken aktiv an der angewandten Forschung im Bereich der Computernetzwerke mit.,K,6,0.60,K,6,
Angewandte Informatik (M.Sc.),AI5049,Network Management and Monitoring,4,Die Studierenden kombinieren die Analyse mit Ansätzen im Machine Learning z.B. für ein Forecasting oder adaptives Traffic Management.,K,3,0.75,K,3,
Angewandte Informatik (M.Sc.),AI5036,Building Web and Mobile Apps,4,Die Studierenden dokumentieren den Entwicklungsprozess inklusive Reflexion anhand vorgegebener Rahmenbedingungen sachlich und unter Nutzung von Quellennachweisen.,K,2,0.75,K,2,
Angewandte Informatik (M.Sc.),AI5026,Computer Graphics,5,Die Studierenden setzen sich mit englischsprachiger Originalliteratur auseinander und schulen ihre Englisch- und Lesekompetenz gleichermaßen.,K,3,0.60,K,3,
Angewandte Informatik (M.Sc.),AI5085,Parallel Programming,2,Die Studierenden erarbeiten selbstständig Lösungen für vorgegebene Problemstellungen.,K,6,0.60,K,3,
Angewandte Informatik (M.Sc.),AI5086,Test Oriented Development,5,"Die Studierenden erstellen in Gruppen Lösungen zu gegebenen Problemstellungen, bringen sich aktiv in die Lösungsentwicklung ein und strukturieren die kollaborative Zusammenarbeit selbst.",K,6,0.60,K,6,
Angewandte Informatik (M.Sc.),AI5037,Agentenbasierte Modellierung und Simulation,3,"Dies umfasst die Replikation bestehender Modelle als auch die Erstellung, Validierung und Verifikation neuer Modelle.",I,,0.75,I,,
Angewandte Informatik (M.Sc.),AI5038,Advanced Multimedia Communications,5,Die Studierenden präsentieren und dokumentieren die eigenständig entwickelten Echtzeit-Kommunikationsdienste und diskutieren deren Bezug zum aktuellen Stand von Forschung und Technik.,K,2,0.75,K,2,
Angewandte Informatik (M.Sc.),AI5104,Angewandte Designtheorie,2,"Ein Schwerpunkt sind Ansätze, die sich interdisziplinär auf Design, mit Bezug zu informationstechnischen Fragestellungen, beziehen.",I,,0.90,I,,
Angewandte Informatik (M.Sc.),AI5170,Data Visualization,1,Die Studierenden erstellen Visualisierungen vorhandener Daten auf verständliche Weise anhand gegebener Kriterien unter Berücksichtigung der Wahrnehmungstheorien.,K,6,0.75,K,6,
Angewandte Informatik (M.Sc.),AI5121,Datenanalyse in Businessanwendungen,4,Dies beinhaltet auch ein Verständnis der zugrundeliegenden Algorithmen sowie der Auswirkung der verschiedenen Parametrisierungen des Modells – insbesondere im Fall einer Supply-Netz sowie Transportoptimierung.,I,,0.85,I,,
Angewandte Informatik (M.Sc.),AI5121,Datenanalyse in Businessanwendungen,5,Die Studierenden leiten spezielle Fragestellungen des SCM/CRM in diesem Zusammenhang durch Literaturrecherchen neuerer Forschungsbeiträge her.,K,4,0.75,K,4,
Angewandte Informatik (M.Sc.),AI5158,Process Mining,5,Die Studierenden unterscheiden verschiedene Prozess-Mining Algorithmen und beschreiben deren Unterschiede - insbesondere auch auf deren Fähigkeit/ Einschränkungen die Prozessmodelle zu erzeugen,K,4,0.90,K,4,
Angewandte Informatik (M.Sc.),AI5028,Virtual Reality and Augmented Reality,4,Die Studierenden erwerben Präsentationskompetenzen im Rahmen kleiner Vorträge.,K,3,0.60,K,2,
Angewandte Informatik (M.Sc.),AI5028,Virtual Reality and Augmented Reality,5,Die Studierenden schulen durch die intensive Auseinandersetzung mit englischsprachiger Originalliteratur ihre Englisch- und Lesekompetenz gleichermaßen.,K,3,0.60,K,3,
Angewandte Informatik (M.Sc.),AI5028,Virtual Reality and Augmented Reality,6,Die Studierenden verbessern in der Projektphase in Teams ihre allgemeine Teamfähigkeit und Sozialkompetenz.,K,3,0.50,K,3,
Data Science (M.Sc.),AI5120,Data Mining and Predictive Analytics,6,Die Studierenden erarbeiten eigenständig neue Methoden und wenden diese an.,K,3,0.75,K,6,
Data Science (M.Sc.),AI5017,Masterseminar,1,Die Studierenden vertiefen ein vorgegebenes Thema anhand wissenschaftlicher Literatur.,K,4,0.75,K,4,
Data Science (M.Sc.),AI5180,Intercultural Study of Data Science,1,"Die Studierenden vertiefen ihr Wissen in Informatik und lernen, wie diese Disziplin in anderen Kulturen gelehrt und verstanden wird.",K,2,0.75,K,2,
Data Science (M.Sc.),AI4002,Additional Courses for Data Science,1,"Die Studierenden erweitern und vertiefen ihre studienbezogenen Kenntnisse durch Belegung von Modu- len aus den Studiengängen des Fachbereichs Angewandte Informatik im Hinblick auf den angestrebten Abschluss, siehe § 5 Abs. 2a.",K,2,0.50,K,2,
Data Science (M.Sc.),AI5181,Current Topic of Data Science,2,"Die Studierenden vergleichen und bewerten aktuelle wissenschaftliche Veröffentlichungen beziehungsweise Entwicklungen in der Industrie im Bezug zur fokussierten Problemstellung,",K,5,0.90,K,5,
Data Science (M.Sc.),AI5037,Agentenbasierte Modellierung und Simulation,1,Die Studierenden haben einen Einblick in das Themenfeld der agentenbasierten Modellbildung und Simulation.,K,1,0.60,K,1,
Data Science (M.Sc.),AI5037,Agentenbasierte Modellierung und Simulation,5,Dies schließt insbesondere die Auswahl und die Bewertung geeigneter Literatur sowie die schriftliche Zusammenfassung und Präsentation der Ergebnisse mit ein.,I,,0.65,I,,
Data Science (M.Sc.),AI5174,Stream Processing and Analytics,14,Die Studierenden wirken aktiv an der angewandten Forschung in diesem Bereich mit.,K,3,0.75,K,3,
Digitale Medien (B.Sc.),AI1145,Einführung in die Betriebswirtschaftslehre,1,"Die Studierenden kennen wesentliche Grundtatbestände der Betriebswirtschaftslehre und sind fähig, sich in der betrieblichen Wirklichkeit, die weitgehend vom betriebswirtschaftlichen Rationalitätspostulat bestimmt ist, zurechtzufinden und produktiv einzubringen.",K,3,0.75,K,3,
Digitale Medien (B.Sc.),AI1430,Gestaltungsgrundlagen,1,Die Studierenden erwerben grundlegende Kompetenzen der audiovisuellen Mediengestaltung.,K,3,0.65,K,3,
Digitale Medien (B.Sc.),AI1430,Gestaltungsgrundlagen,3,"Gestalterische Problemstellungen werden erkannt, einfache Konzepte werden erarbeitet und umgesetzt.",K,3,0.75,,,
Digitale Medien (B.Sc.),AI1433,Grundlagen der Informatik,1,"Die Studierenden erlangen grundlegende Kenntnisse der Informatik, die für das Verständnis und die Beurteilung von Aufgabenstellungen in der IT erforderlich sind.",K,5,0.65,,,
Digitale Medien (B.Sc.),AI1067,Webdesign,1,Die Studierenden erwerben erweiterte Grundkenntnisse über den Designprozess von multimedialen Webseiten.,K,1,0.60,,,
Digitale Medien (B.Sc.),AI1067,Webdesign,6,Sie erhalten Anleitung für die Anfertigung der schriftlichen Hausarbeit und lernen einen längeren wissenschaftlichen Text zu strukturieren und inhaltlich formal korrekt auszuführen.,K,6,0.60,,,
Digitale Medien (B.Sc.),AI1440,Medientechnik,1,"Die Studierenden erwerben grundlegende technische und gestalterische Kenntnisse, die für die professionelle Produktion audiovisueller Inhalte nötig sind.",K,1,0.60,,,
Digitale Medien (B.Sc.),AI1093,Webprogrammierung,2,"Die Studierenden erwerben Fähigkeiten zur Realisierung interaktiver, dynamischer Webanwendungen",K,6,0.50,,,
Digitale Medien (B.Sc.),AI1093,Webprogrammierung,5,Die Studierenden lernen den Einsatz von Frameworks der Webprogrammierung zur Realisierung interaktiver Web-,K,3,0.60,,,
Digitale Medien (B.Sc.),AI1093,Webprogrammierung,7,Die Studierenden gewinnen einen Überblick über die aktuellen Techniken der Webprogrammierung und der Web-,K,2,0.60,,,
Digitale Medien (B.Sc.),AI1012,Algorithmen und Datenstrukturen,5,"Die Studierenden erstellen in Gruppen Programmierlösungen zu gegebenen Problemstellungen, bringen sich aktiv in die Lösungsentwicklung ein und strukturieren die kollaborative Zusammenarbeit selbst.",K,6,0.60,,,
Digitale Medien (B.Sc.),AI1012,Algorithmen und Datenstrukturen,6,Die Studierenden erstellen in Gruppen Präsentationen zu selbst erarbeiteten komplexen Datenstrukturen und Algorithmen.,K,6,0.50,,,
Digitale Medien (B.Sc.),AI1420,Analysis,3,"Die Studierenden erwerben Kompetenzen, die ihnen erlauben, selbständig weiterführende Lernprozesse zu gestalten und sich mit Fachvertretern und mit Laien über Ideen, Probleme und Lösungen auszutauschen.",K,6,0.60,,,
Digitale Medien (B.Sc.),AI1522,3D-Modellierung und Animation,5,Die Studierenden erstellen ein einfaches Storyboard oder bilden in 3D aus einem vorgegebenen Storyboard zeichnerisch umgesetzte Szenen nach.,K,6,0.60,,,
Digitale Medien (B.Sc.),AI1047,Mensch-Computer-Interaktion,9,Die Studierenden entwickeln ein Bewusstsein für die Rolle des Fachgebiets MCI .,K,2,0.60,,,
Digitale Medien (B.Sc.),AI1274,Management und Marketing,1,Management: Die Studierenden verfügen über Kompetenzen im Bereich Unternehmens- und Personalführung sowie Organisation.,K,1,0.60,,,
Digitale Medien (B.Sc.),AI1422,Begreifbare Schnittstellen,1,"Die Studierenden erwerben erweiterte Grundkenntnisse in der Gestaltung, Realisierung und Implementierung von Systemen mit begreifbaren Schnittstellen.",K,3,0.65,,,
Digitale Medien (B.Sc.),AI1422,Begreifbare Schnittstellen,2,"Systeme mit begreifbaren Schnittstellen nutzen physische Objekte, welche ein direkte Manipulation durch den Menschen erlauben, die im realen Raum existieren und so den Gesetzen der Mechanik gehorchen, wobei die Effekte der Manipulation in der digitalen Welt Parameter verändern, welche schließlich in (potentiell) mehreren Modalitäten an den Anwender zurückgemeldet werden.",I,,0.90,,,
Digitale Medien (B.Sc.),AI1422,Begreifbare Schnittstellen,5,Die so gesteuerten Systeme reagieren in Echtzeit und liefern dann visuelles und/oder akustisches Feedback.,I,,0.80,,,
Digitale Medien (B.Sc.),AI1422,Begreifbare Schnittstellen,7,"Sie erhalten Anleitung in der systematischen Planung, Erfassung und Dokumentation des von Ihnen geleisteten Arbeitsprozesses.",K,3,0.60,,,
Digitale Medien (B.Sc.),AI1098,Digitale Fotografie,3,Die Teilnehmenden erwerben Kompetenzen im Umgang mit Beleuchtungstechnik und deren gestalterischen Einsatzmöglichkeiten.,K,3,0.60,,,
Digitale Medien (B.Sc.),AI1454,Digitalisierung von Geschäftsprozessen mit Low Code,5,Die Studierenden sind mit den Vor- und Nachteilen einer solchen Automatisierung vertraut und können diese nennen und mit Hilfe von Modellen darstellen & implementieren.,K,3,0.75,,,
Digitale Medien (B.Sc.),AI1454,Digitalisierung von Geschäftsprozessen mit Low Code,7,Die Studierenden kennen ein Vorgehensmodell zur Durchführung von Low-Code-Projekten und können ihre in diesem Modul erworbenen technischen Kompetenzen dort einordnen und bei Bedarf auf Plattformen mit einem nicht-prozessorientierten Ansatz übertragen.,K,3,0.75,,,
Digitale Medien (B.Sc.),AI1454,Digitalisierung von Geschäftsprozessen mit Low Code,8,Die Studierenden sind in der Lage die Möglichkeiten der Steuerung von externen Anwendungen/ Auslagerungen von Funktionen in externen Anwendungen – speziell via Webtechnologien - einschätzen und für einfache Fälle auch implementieren.,K,5,0.75,,,
Digitale Medien (B.Sc.),AI1030,Entwicklung von betrieblicher Anwendungssoftware,3,Die Studierenden beherrschen dem Umgang mit der jeweiligen Programmierumgebung (IDE).,K,3,0.75,,,
Digitale Medien (B.Sc.),AI1279,Graphisch-Interaktive Systeme,3,Daneben gewinnen sie erste Erfahrungen mit Graphikschnittstellen.,K,1,0.60,,,
Digitale Medien (B.Sc.),AI1273,Grundlagen der Wirtschaftspolitik,4,Beteiligen sich aktiv an aktuellen wirtschaftspolitischen Debatten.,K,3,0.60,,,
Digitale Medien (B.Sc.),AI1122,Logistik,1,"Die Studierenden kennen die wesentlichen Grundlagen einer modernen Logistikkonzeption und sind in der Lage, in der betrieblichen Praxis konkrete logistische Fragstellungen in Projekten zu bearbeiten.",K,3,0.75,,,
Digitale Medien (B.Sc.),AI1122,Logistik,2,"Besonderer Wert wird hierbei auch auf den interdisziplinären Charakter vieler Logistik-Projekte durch das Zusammenspiel von Logistikmitarbeitern, IT-Mitarbeitern, Ingenieuren, Controllern und auch externen Beteiligten wie Lieferanten, Kunden und Consultants gelegt.",S,,0.90,,,
Digitale Medien (B.Sc.),AI1316,Mediendidaktik und E-Learning,2,Ziel ist sowohl der Erwerb interdisziplinärer Kompetenzen aus den Gebieten der pädagogischen Psychologie und der Didaktik als auch die Einarbeitung in technische Standards im Umfeld heutiger E-Learning An- wendungen.,S,,0.75,,,
Digitale Medien (B.Sc.),AI1033,Multimedia-Kommunikation,7,Die Studierenden bringen sich aktiv in die Teamarbeit mit Multimedia-Kommunikationssystemen im Labor ein.,K,3,0.75,,,
Digitale Medien (B.Sc.),AI1046,Visualisierung,1,"Die Studierenden lernen Theorie und Praxis, Regeln und Werkzeuge für die Umsetzung von Informationen und Daten in eine visuelle Darstellung (visuelle Kommunikation) kennen.",K,1,0.75,,,
Digitale Medien (B.Sc.),AI1046,Visualisierung,7,Die Studierenden wählen geeignete Werkzeuge für die Umsetzung und Visualisierung von Informationen und Daten aus und begründen ihre Auswahl.,K,5,0.80,,,
Digitale Medien (B.Sc.),AI1444,Visual Computing,1,Die Studierenden erhalten einen Überblick über die Kerngebiete des Visual Computings und lernen entsprechende Modelle und Methoden kennen.,K,1,0.75,,,
Elektrotechnik und Informationstechnik (B.Sc.),ET1599,Physik,8,qualitativ die chem.,S,,0.90,,,
Elektrotechnik und Informationstechnik (B.Sc.),ET1588,Xperience Lab 1,5,Im Team zu arbeiten,K,3,0.75,,,
Elektrotechnik und Informationstechnik (B.Sc.),ET1015,Elektronik,3,die Problematik der Anwendung vereinfachter Modelle auf reale Sachverhalte darzulegen,K,2,0.75,,,
Elektrotechnik und Informationstechnik (B.Sc.),ET1047,Wahrscheinlichkeitsrechnung und Statistik,2,lernen das Denken in Wahrscheinlichkeiten und sind sich der zugrundeliegenden Annahmen und der Gefahr von Irrtümern bewusst,K,5,0.60,,,
Elektrotechnik und Informationstechnik (B.Sc.),ET1048,Aufbau elektronischer Schaltungen,8,die Bauteileauswahl nach Datenblatt,I,,0.60,,,
Elektrotechnik und Informationstechnik (B.Sc.),ET1048,Aufbau elektronischer Schaltungen,12,methodisches Arbeiten,I,,0.60,,,
Elektrotechnik und Informationstechnik (B.Sc.),ET1034,Berufspraktikum,7,Vorschläge für die Bearbeitung berufsrelevanter Arbeitsschritte zu erarbeiten und durchzuführen,K,6,0.60,,,
Elektrotechnik und Informationstechnik (B.Sc.),ET1052,Regelungstechnik 2,2,Steuer- und Beobachtbarkeit sowie Stabilität von Prozessen zu untersuchen,K,4,0.80,,,
Elektrotechnik und Informationstechnik (B.Sc.),ET1060,EDA (Schaltungen und Platinen),8,Fragestellungen in den Grundlagen zu nutzen,K,3,0.60,,,
Elektrotechnik und Informationstechnik (B.Sc.),ET1062,Praktikum: Mikrocontroller und Signalprozessoren,3,sich anhand der eingeübten Vorgehensweise in neue Prozessoren einzuarbeiten,K,3,0.75,,,
Elektrotechnik und Informationstechnik (B.Sc.),ET1041,Feldbusse,5,"Die Modulsprache ist teilweise Deutsch und Englisch, da Spezifikationen von Feldbussystemen häufig in Englischer Sprache verfasst werden.",S,,0.95,,,
Erneuerbare Energien (B.Sc.),ET1600,Technikprojekt,6,Grundverständnis für technische und physikalische Zusammenhänge,I,,0.75,,,
Erneuerbare Energien (B.Sc.),ET1600,Technikprojekt,8,die Erstellung einfacher mechanische Konstruktionen,K,6,0.65,,,
Erneuerbare Energien (B.Sc.),ET1600,Technikprojekt,13,methodisches Arbeiten,I,,0.65,,,
Erneuerbare Energien (B.Sc.),ET1052,Regelungstechnik 2,2,Steuer- und Beobachtbarkeit sowie Stabilität von Prozessen zu untersuchen,K,4,0.90,,,
Erneuerbare Energien (B.Sc.),ET1436,Fallstudie & Präsentation 2,3,ein Lasten- und Pflichtenheft zu erstellen,K,6,0.65,,,
Erneuerbare Energien (B.Sc.),ET1436,Fallstudie & Präsentation 2,4,effektiv zu kommunizieren und kooperativ in Teams zu arbeiten,K,3,0.75,,,
Erneuerbare Energien (B.Sc.),ET1504,Berufspraktikum,1,sich im Berufsfeld oder verwandten Gebieten der Erneuerbaren Energien zu orientieren,K,3,0.65,,,
Erneuerbare Energien (B.Sc.),ET1504,Berufspraktikum,4,"Perspektiven für das weitere Studium, die Abschlussarbeit (Bachelor-Thesis) und den weiteren Berufsweg abzuschätzen",K,5,0.75,,,
Erneuerbare Energien (B.Sc.),ET1504,Berufspraktikum,7,Vorschläge für die Bearbeitung berufsrelevanter Arbeitsschritte zu erarbeiten und durchzuführen,K,6,0.65,,,
Erneuerbare Energien (B.Sc.),ET1035,Abschlussmodul,1,"Die Teilnehmenden sollen durch die erworbenen Fähigkeiten und Methoden im Studium zeigen, dass sie innerhalb einer vorgegebenen Frist",S,,0.90,,,
Food Processing (M.Sc.),LT5008,Betriebswirtschaftliche Entscheidungsinstrumente,1," begreifen, dass unternehmerisches Handeln zielorientiert erfolgt.",K,2,0.75,,,
Food Processing (M.Sc.),LT5004,Biochemie und Molekularbiologie,2,"Sind in der Lage, wissenschaftliche Originalarbeiten in englischer Sprache zu bewerten.  können aus den erworbenen Kenntnissen weiterführende Forschungsfragestellungen ableiten sind in der Lage, die Aussagen von wissenschaftlichen Originalarbeiten im aktuellen Forschungskontext kritisch zu diskutieren.",K,5,0.75,,,
Global Software Development (M.Sc.),AI5029,Cloud Computing,9,Die Studierenden wirken aktiv an der angewandten Forschung im Bereich Cloud Computing mit.,K,3,0.65,,,
Global Software Development (M.Sc.),AI5084,Model-Driven Development,2,Dies schließt insbesondere die Entwicklung und Anpassung entsprechender Werkzeuge ein.,I,,0.75,,,
Global Software Development (M.Sc.),AI5084,Model-Driven Development,3,"Sie folgen dem historischen Paradigmenwechsel: von der Idee, dass alles ein Objekt ist hin zu der abstrakteren Idee, dass alles ein Modell ist.",K,2,0.75,,,
Global Software Development (M.Sc.),AI5036,Building Web and Mobile Apps,4,Die Studierenden dokumentieren den Entwicklungsprozess inklusive Reflexion anhand vorgegebener Rahmenbedingungen sachlich und unter Nutzung von Quellennachweisen.,K,2,0.75,,,
Global Software Development (M.Sc.),AI5109,Distributed Applications,2,Verteilte Webanwendungen.,S,,0.95,,,
Global Software Development (M.Sc.),AI5109,Distributed Applications,3,"Die Studierenden benennen grundlegende Anwendungsarchitekturen und analysieren die Anforderungen komplexer verteilter Systeme und die damit verbundene Rolle von Ansätzen wie z.B. Middleware, Microservices, SOA und EAI.",K,4,0.90,,,
Global Software Development (M.Sc.),AI5086,Test Oriented Development,5,"Die Studierenden erstellen in Gruppen Lösungen zu gegebenen Problemstellungen, bringen sich aktiv in die Lösungsentwicklung ein und strukturieren die kollaborative Zusammenarbeit selbst.",K,6,0.65,,,
Global Software Development (M.Sc.),AI5117,Master’s Thesis in Global Software Development,1,Die Masterarbeit ist eine schriftliche Prüfungsarbeit.,S,,0.95,,,
Global Software Development (M.Sc.),AI5117,Master’s Thesis in Global Software Development,4,Den Sinn ordentlichen wissenschaftlichen Arbeitens können sie analysieren und die Methoden auf eigene Arbeiten übertragen.,K,4,0.80,,,
Global Software Development (M.Sc.),AI5094,Software Development Project,4,Durch die Arbeit in Teams verbessern sie ihre Kommunikationsfähigkeit und strategische Entscheidungsfindung und lernen Verantwortung zu übernehmen.,K,3,0.65,,,
Global Software Development (M.Sc.),AI5122,Advanced Big Data,2,Die Größe und Komplexität der heute in der Wirtschaft und Industrie anfallenden Daten erfordern eine weiterentwickelte bzw. veränderte Herangehensweise: Big Data und die damit verbundenen Technologien und Strategien.,I,,0.95,,,
Global Software Development (M.Sc.),AI5122,Advanced Big Data,3,"Nach erfolgreicher Teilnahme an dieser Lehrveranstaltung sind die Studierenden in der Lage,",S,,0.99,,,
Global Software Development (M.Sc.),AI5046,Cryptography - Theory and Applications,1,Die Studierenden haben einen Überblick über Anwendungen der Kryptografie in IT-Systemen.,K,2,0.75,,,
Global Software Development (M.Sc.),AI5046,Cryptography - Theory and Applications,3,Sie sind mit steganografischen Methoden der verdeckten Kommunikation vertraut.,K,1,0.75,,,
Global Software Development (M.Sc.),AI5083,User-Centered Development,8,Die Studierenden stärken ihre Kompetenzen bezüglich Gruppenarbeit durch Zusammenarbeit mit anderen Teammitgliedern.,K,3,0.60,,,
Global Software Development (M.Sc.),AI5174,Stream Processing and Analytics,14,Die Studierenden wirken aktiv an der angewandten Forschung in diesem Bereich mit.,K,6,0.65,,,
Global Software Development (M.Sc.),AI4001,Additional Courses,1,"Die Studierenden erweitern und vertiefen ihre studienbezogenen Kenntnisse durch Belegung von Modulen aus den Studiengängen des Fachbereichs Angewandte Informatik im Hinblick auf den angestrebten Abschluss, siehe § 5 Abs. 3.",K,3,0.60,,,
Global Software Development (M.Sc.),AI5118,German Language,1,"Die Studierenden haben nach Absolvierung entsprechender Module Sprachkenntnisse in Deutsch erworben, siehe §5 Abs. 5",K,1,0.75,,,
Global Software Development (M.Sc.),AI5092,Intercultural Study of Computer Science,2,Sie erleben unterschiedliche Lehr- und Prüfungsstile.,K,1,0.60,,,
Global Software Development (M.Sc.),AI5092,Intercultural Study of Computer Science,3,Sie verfügen über einen großen Erfahrungsschatz im Umgang mit Alltagssituationen und Kommunikationseinstellungen in einem interkulturellen Umfeld.,K,1,0.60,,,
Industrielle Biotechnologie (B.Sc.),LT1187,Allgemeine Chemie,4,Die Studierenden beherrschen durch die Beschäftigung mit der Chemie strukturiertes Arbeiten und logisches Denken.,K,3,0.65,,,
Industrielle Biotechnologie (B.Sc.),LT1225,General Chemistry,1,Die Studierenden erreichen ein Grundwissen der allgemeinen und anorganischen Chemie.,K,1,0.60,,,
Industrielle Biotechnologie (B.Sc.),LT1225,General Chemistry,3,Die Studierenden sind aufgrund der Kenntnisse des stöchiometrischen Rechnens für die praktische Laborarbeit gut vorbereitet.,K,3,0.60,,,
Industrielle Biotechnologie (B.Sc.),LT1225,General Chemistry,4,Die Studierenden beherrschen durch die Beschäftigung mit der Chemie strukturiertes Arbeiten und logisches Denken.,K,3,0.50,,,
Industrielle Biotechnologie (B.Sc.),LT1123,Grundlagen des wissenschaftlichen Arbeitens,4,Die Studierenden verfügen über Handlungs- und Problemlösungskompetenz.,K,3,0.50,,,
Industrielle Biotechnologie (B.Sc.),LT1228,Principles of Scientific Research,4,Die Studierenden verfügen über Handlungs- und Problemlösungskompetenz.,K,3,0.40,,,
Industrielle Biotechnologie (B.Sc.),LT1191,Mathematik II,1,Die Studierenden werden in das mathematische Denken eingeführt.,K,2,0.60,,,
Industrielle Biotechnologie (B.Sc.),LT1230,Mathematics II,1,Die Studierenden werden in das mathematische Denken eingeführt.,K,2,0.60,,,
Industrielle Biotechnologie (B.Sc.),LT1304,Grundlagen der Biologie und Rohstoffkunde (IBT),5,"Die Studierenden sind fähig, wesentliche Eigenschaften und technologische Eignung von Rohstoffen auf der Basis ihrer Zusammensetzung abzuschätzen.",K,5,0.80,,,
Industrielle Biotechnologie (B.Sc.),LT1304,Grundlagen der Biologie und Rohstoffkunde (IBT),6,Die Studierenden haben Grundkenntnisse zu Methoden der Qualitätsbestimmung und der Bewertung der Eignung von Rohstoffen sowie deren Anwendung in der industriellen Praxis.,K,1,0.75,,,
Industrielle Biotechnologie (B.Sc.),LT1305,Fundamentals of Biology and Raw Materials (IBT),6,Die Studierenden haben Grundkenntnisse zu Methoden der Qualitätsbestimmung und der Bewertung der Eignung von Rohstoffen sowie deren Anwendung in der industriellen Praxis.,K,1,0.75,,,
Industrielle Biotechnologie (B.Sc.),LT1375,Allgemeine Mikrobiologie,1,Die Studierenden beherrschen das Grundlagenwissen der allgemeinen Mikrobiologie und mikrobieller Arbeitstechniken,K,1,0.60,,,
Industrielle Biotechnologie (B.Sc.),LT1376,General Microbiology,1,Die Studierenden beherrschen das Grundlagenwissen der allgemeinen Mikrobiologie und mikrobieller Arbeitstechniken,K,1,0.60,,,
Industrielle Biotechnologie (B.Sc.),LT1359,Fundamentals of Computer Science,4,Die Studierenden beherrschen grundlegende Programmiertechniken und haben Basiswissen über Datenstrukturen und Algorithmen.,K,1,0.75,,,
Industrielle Biotechnologie (B.Sc.),LT1032,Thermische Verfahrenstechnik,3,Die Studierenden beherrschen die Bilanzierungen bzgl.,S,,0.70,,,
Industrielle Biotechnologie (B.Sc.),LT1242,Thermal Process Engineering,4,Masse und Energie.,S,,0.70,,,
Industrielle Biotechnologie (B.Sc.),LT1198,Biochemie,1,Die Studierenden erwerben einen Überblick über wesentliche Stoffwechselwege,K,1,0.75,,,
Industrielle Biotechnologie (B.Sc.),LT1245,Biochemistry,1,Die Studierenden erwerben einen Überblick über wesentliche Stoffwechselwege,K,1,0.75,,,
Industrielle Biotechnologie (B.Sc.),LT1037,Haltbarmachung und Verpackung,1,Die Studierenden beherrschen die Mechanismen der Verderbsreaktionen.,K,1,0.60,,,
Industrielle Biotechnologie (B.Sc.),LT1037,Haltbarmachung und Verpackung,4,"Die Studierenden sind in der Lage, Verpackungen allgemein und insbesondere Verpackungen für Lebensmittelindustrie, pharmazeutische Industrie und kosmetische Industrie zu verstehen und in groben rechtlichen und technologischen Grundzügen zu bewerten.",K,5,0.75,,,
Industrielle Biotechnologie (B.Sc.),LT1248,Preservation and Packaging,1,Die Studierenden beherrschen die Mechanismen der Verderbsreaktionen.,K,1,0.60,,,
Industrielle Biotechnologie (B.Sc.),LT1248,Preservation and Packaging,4,"Die Studierenden sind in der Lage, Verpackungen allgemein und insbesondere Verpackungen für Lebensmittelindustrie, pharmazeutische Industrie und kosmetische Industrie zu verstehen und in groben rechtlichen und technologischen Grundzügen zu bewerten.",K,5,0.75,,,
Industrielle Biotechnologie (B.Sc.),LT1316,Recht für Biotechnologie,3,Die Studierenden können Gefährdungen für Arbeitnehmer erkennen und durch geeignete Maßnahmen abwenden.,K,5,0.75,,,
Industrielle Biotechnologie (B.Sc.),LT1322,Qualitätsmanagement (IBT),8,"Die Thematik wird im Team bearbeitet und das erarbeitete Ergebnis präsentiert und diskutiert. [Team-/Führungsfähigkeit, 6]",K,2,0.60,,,
Industrielle Biotechnologie (B.Sc.),LT1323,Quality Management (IBT),1,Die Studierenden sollen nach einer Einführung in das Thema Qualitätsmanagement vor allem dessen Umsetzung durch die „Good Manufacturing Practice“ (GMP) vermittelt bekommen.,S,,0.80,,,
Industrielle Biotechnologie (B.Sc.),LT1323,Quality Management (IBT),8,"Die Thematik wird im Team bearbeitet und das erarbeitete Ergebnis präsentiert und diskutiert. [Team-/Führungsfähigkeit, 6]",K,2,0.60,,,
Industrielle Biotechnologie (B.Sc.),LT1038,Praxisphase,1,Die Studierenden orientieren sich in den verschiedenen Berufsfeldern.,K,1,0.60,,,
Industrielle Biotechnologie (B.Sc.),LT1252,Internship,1,Die Studierenden orientieren sich in den verschiedenen Berufsfeldern.,K,1,0.60,,,
Industrielle Biotechnologie (B.Sc.),LT1324,Abschlussmodul (Bachelor-Thesis),2,Die Studierenden können die Ergebnisse logisch und übersichtlich geordnet in Form einer wissenschaftlichen Arbeit schriftlich dokumentieren (Bachelor Thesis) und mit geeigneten multimedialen Hilfsmitteln mündlich darstellen und vertreten (Kolloquium).,K,2,0.75,,,
Industrielle Biotechnologie (B.Sc.),LT1024,Grundlagen und Physiologie der Ernährung,1,Die Studierenden kennen,S,,0.90,,,
Industrielle Biotechnologie (B.Sc.),LT1047,Trocknungstechnik,2,Die Studierenden sind mit apparativen Grundlösungen vertraut.,K,1,0.60,,,
Industrielle Biotechnologie (B.Sc.),LT1255,Drying Technology,2,Die Studierenden sind mit apparativen Grundlösungen vertraut.,K,1,0.60,,,
Industrielle Biotechnologie (B.Sc.),LT1257,Industrial Plants and Facility Management,4,Die Studierenden vertiefen die Anwendung für die Praxis anhand von Beispielen und Übungsprojekten in weitgehend selbstständiger Arbeitsweise.,K,3,0.60,,,
Industrielle Biotechnologie (B.Sc.),LT1043,Pharmazeutische Technologie,3,Die Studierenden können pharmazeutische Vorgangsweisen und Prozesse überblicken.,K,2,0.60,,,
Industrielle Biotechnologie (B.Sc.),LT1043,Pharmazeutische Technologie,4,Die Studierenden sind zu selbstständiger Arbeit in der Formulierungsentwicklung und der Herstellung sowie Prüfung von Arzneimitteln befähigt.,K,3,0.60,,,
Industrielle Biotechnologie (B.Sc.),LT1263,Pharmaceutical Technology,3,Die Studierenden können pharmazeutische Vorgangsweisen und Prozesse überblicken.,K,2,0.60,,,
Industrielle Biotechnologie (B.Sc.),LT1263,Pharmaceutical Technology,4,Die Studierenden sind zu selbstständiger Arbeit in der Formulierungsentwicklung und der Herstellung sowie Prüfung von Arzneimitteln befähigt.,K,3,0.60,,,
Industrielle Biotechnologie (B.Sc.),LT1033,Ausgewählte Kapitel der Lebensmitteltechnologie,2,Die Studierenden sind auf die gegenwärtigen und zukünftigen Anforderungen an Lebensmitteltechnolog*innen vorbereitet.,S,,0.70,,,
Industrielle Biotechnologie (B.Sc.),LT1250,Selected Topics of Food Technology,2,Die Studierenden sind auf die gegenwärtigen und zukünftigen Anforderungen an Lebensmitteltechnolog*innen vorbereitet.,S,,0.60,,,
Industrielle Biotechnologie (B.Sc.),LT1397,Auslandsmodul I,2,"Die Studierenden entwickeln und validieren Fach-, Methoden-, Selbst- und Sozialkompetenz in einem internationalen bzw. fremdkulturellen Studienkontext.",K,6,0.50,,,
Industrielle Biotechnologie (B.Sc.),LT1398,Auslandsmodul II,2,"Die Studierenden entwickeln und validieren Fach-, Methoden-, Selbst- und Sozialkompetenz in einem internationalen bzw. fremdkulturellen Studienkontext.",K,6,0.50,,,
Lebensmitteltechnologie (B.Sc.),LT1186,Mathematik I,1,Die Studierenden werden in das mathematische Denken eingeführt.,S,,0.60,,,
Lebensmitteltechnologie (B.Sc.),LT1224,Mathematics I,1,Die Studierenden werden in das mathematische Denken eingeführt.,S,,0.60,,,
Lebensmitteltechnologie (B.Sc.),LT1187,Allgemeine Chemie,3,Die Studierenden sind aufgrund der Kenntnisse des stöchiometrischen Rechnens für die praktische Laborarbeit gut vorbereitet.,S,,0.60,,,
Lebensmitteltechnologie (B.Sc.),LT1187,Allgemeine Chemie,4,Die Studierenden beherrschen durch die Beschäftigung mit der Chemie strukturiertes Arbeiten und logisches Denken.,K,3,0.60,,,
Lebensmitteltechnologie (B.Sc.),LT1225,General Chemistry,3,Die Studierenden sind aufgrund der Kenntnisse des stöchiometrischen Rechnens für die praktische Laborarbeit gut vorbereitet.,S,,0.60,,,
Lebensmitteltechnologie (B.Sc.),LT1225,General Chemistry,4,Die Studierenden beherrschen durch die Beschäftigung mit der Chemie strukturiertes Arbeiten und logisches Denken.,K,3,0.60,,,
Lebensmitteltechnologie (B.Sc.),LT1189,Grundlagen Ingenieurwesen,2,Die Studierenden erkennen die ingenieurwissenschaftlichen Zusammenhänge bei der Produktion von biotechnologischen Produkten und Lebensmitteln.,K,4,0.60,,,
Lebensmitteltechnologie (B.Sc.),LT1227,Basic Principles of Engineering,2,Die Studierenden erkennen die ingenieurwissenschaftlichen Zusammenhänge bei der Produktion von biotechnologischen Produkten und Lebensmitteln.,K,4,0.60,,,
Lebensmitteltechnologie (B.Sc.),LT1123,Grundlagen des wissenschaftlichen Arbeitens,4,Die Studierenden verfügen über Handlungs- und Problemlösungskompetenz.,S,,0.60,,,
Lebensmitteltechnologie (B.Sc.),LT1228,Principles of Scientific Research,4,Die Studierenden verfügen über Handlungs- und Problemlösungskompetenz.,S,,0.60,,,
Lebensmitteltechnologie (B.Sc.),LT1191,Mathematik II,1,Die Studierenden werden in das mathematische Denken eingeführt.,K,2,0.60,,,
Lebensmitteltechnologie (B.Sc.),LT1230,Mathematics II,1,Die Studierenden werden in das mathematische Denken eingeführt.,K,2,0.60,,,
Lebensmitteltechnologie (B.Sc.),LT1231,Organic Chemistry,2,"Die Studierenden sind in der Lage, aus der chemischen Struktur von Stoffen deren physikalische und technologische Eigenschaften abzuleiten.",K,4,0.80,,,
Lebensmitteltechnologie (B.Sc.),LT1376,General Microbiology,3,Die Studierenden verfügen über einen Überblick über moderne und sich in der Entwicklung befindliche Alternativen zu den bestehenden Techniken und Technologieschritten sowie deren Kombinationsmöglichkeiten.,K,1,0.65,,,
Lebensmitteltechnologie (B.Sc.),LT1376,General Microbiology,5,Die Studierenden erlangen die Grundlagen für die Beurteilung bestehender und alternativer Technologien und können sich zukünftig im Felde der Herstellungstechnologien kreativ und innovativ betätigen.,K,6,0.65,,,
Lebensmitteltechnologie (B.Sc.),LT1235,Food Technology I,3,Die Studierenden verfügen über einen Überblick über moderne und sich in der Entwicklung befindliche Alternativen zu den bestehenden Techniken und Technologieschritten sowie deren Kombinationsmöglichkeiten.,K,1,0.65,,,
Lebensmitteltechnologie (B.Sc.),LT1235,Food Technology I,5,Die Studierenden erlangen die Grundlagen für die Beurteilung bestehender und alternativer Technologien und können sich zukünftig im Felde der Herstellungstechnologien kreativ und innovativ betätigen.,K,6,0.65,,,
Lebensmitteltechnologie (B.Sc.),LT1027,Lebensmittelchemie,5,Die Studierenden können strukturierte Berichte abfassen.,K,6,0.60,,,
Lebensmitteltechnologie (B.Sc.),LT1236,Food Chemistry,5,Die Studierenden können strukturierte Berichte abfassen.,K,6,0.60,,,
Lebensmitteltechnologie (B.Sc.),LT1197,Lebensmitteltechnologie II,2,Die Studierenden werden zu einer ganzheitlichen Betrachtungsweise komplexer Vorgänge befähigt.,K,4,0.50,,,
Lebensmitteltechnologie (B.Sc.),LT1238,Food Technology II,2,Die Studierenden werden zu einer ganzheitlichen Betrachtungsweise komplexer Vorgänge befähigt.,K,4,0.50,,,
Lebensmitteltechnologie (B.Sc.),LT1196,Betriebswirtschaftliche Funktionen,2,Die Studierenden lernen funktionsbezogene Handlungsweisen kennen und können entsprechende Entscheidungssituationen in Unternehmen analysieren und zielgerichtet gestalten.,K,6,0.60,,,
Lebensmitteltechnologie (B.Sc.),LT1024,Grundlagen und Physiologie der Ernährung,1,Die Studierenden kennen,S,,0.70,,,
Lebensmitteltechnologie (B.Sc.),LT1124,Statistik für Ingenieur*innen,1,Die Studierenden werden in die Denkweise und die Methoden der Statistik eingeführt.,S,,0.80,,,
Lebensmitteltechnologie (B.Sc.),LT1243,Statistics for Engineers,1,Die Studierenden werden in die Denkweise und die Methoden der Statistik eingeführt.,S,,0.75,,,
Lebensmitteltechnologie (B.Sc.),LT1026,Lebensmitteltechnologie/-verfahrenstechnik,4,"Die Studierenden können die Herstellung exemplarischer Lebensmittel aus der Sicht unterschiedlicher Bereiche beurteilen und die Möglichkeiten, Problemstellungen und Grenzen der entsprechenden Fachgebiete einschätzen.",K,5,0.85,,,
Lebensmitteltechnologie (B.Sc.),LT1247,Food Technology III,3,Die Studierenden sind in der Lage die erworbenen Kenntnisse aus den genannten Fachdisziplinen synergistisch (neu) zu kombinieren und dadurch facettenreich und innovativ anzuwenden.,K,6,0.60,,,
Lebensmitteltechnologie (B.Sc.),LT1037,Haltbarmachung und Verpackung,5,"Auf Grund der Kenntnisse können sie die Eignung von Verpackungen für spezifische Produkte abschätzen und Verpackungslösungen verstehen, beurteilen und in engerem Rahmen selbst entwickeln.",K,6,0.65,,,
Lebensmitteltechnologie (B.Sc.),LT1248,Preservation and Packaging,5,"Auf Grund der Kenntnisse können sie die Eignung von Verpackungen für spezifische Produkte abschätzen und Verpackungslösungen verstehen, beurteilen und in engerem Rahmen selbst entwickeln.",K,6,0.65,,,
Lebensmitteltechnologie (B.Sc.),LT1023,Lebensmittelrecht,3,"Die Studierenden erreichen ein Verständnis für Dynamik und Veränderungsprinzipien der gesetzlichen Normen und sind dadurch in der Lage, zukünftige Änderungen der Gesetzgebung zu antizipieren und in den beruflichen Alltag zu integrieren.",K,6,0.60,,,
Lebensmitteltechnologie (B.Sc.),LT1023,Lebensmittelrecht,5,Die Studierenden lernen durch die vielfältigen Themenstellungen im Lebensmittelrecht fachübergreifend zu argumentieren.,K,5,0.65,,,
Lebensmitteltechnologie (B.Sc.),LT1249,Food Law,3,"Die Studierenden erreichen ein Verständnis für Dynamik und Veränderungsprinzipien der gesetzlichen Normen und sind dadurch in der Lage, zukünftige Änderungen der Gesetzgebung zu antizipieren und in den beruflichen Alltag zu integrieren.",K,6,0.60,,,
Lebensmitteltechnologie (B.Sc.),LT1249,Food Law,5,Die Studierenden lernen durch die vielfältigen Themenstellungen im Lebensmittelrecht fachübergreifend zu argumentieren.,K,5,0.65,,,
Lebensmitteltechnologie (B.Sc.),LT1033,Ausgewählte Kapitel der Lebensmitteltechnologie,1,"Die Studierenden lernen aktuelle Themen der Lebensmitteltechnologie kennen und sind in der Lage, Querbezüge zwischen neuen Techniken, aktuellen Themen der Grundstoffnutzung und zukünftigen Anforderungen der Technologieentwicklung zu ziehen.",K,4,0.65,,,
Lebensmitteltechnologie (B.Sc.),LT1250,Selected Topics of Food Technology,2,Die Studierenden sind auf die gegenwärtigen und zukünftigen Anforderungen an Lebensmitteltechnolog*innen vorbereitet.,K,3,0.40,,,
Lebensmitteltechnologie (B.Sc.),LT1038,Praxisphase,1,Die Studierenden orientieren sich in den verschiedenen Berufsfeldern.,K,1,0.60,,,
Lebensmitteltechnologie (B.Sc.),LT1252,Internship,1,Die Studierenden orientieren sich in den verschiedenen Berufsfeldern.,K,1,0.60,,,
Lebensmitteltechnologie (B.Sc.),LT1047,Trocknungstechnik,1,Die Studierenden verfügen über ein Grundverständnis von Trocknungsprozessen.,K,2,0.60,,,
Lebensmitteltechnologie (B.Sc.),LT1047,Trocknungstechnik,2,Die Studierenden sind mit apparativen Grundlösungen vertraut.,K,1,0.50,,,
Lebensmitteltechnologie (B.Sc.),LT1255,Drying Technology,1,Die Studierenden verfügen über ein Grundverständnis von Trocknungsprozessen.,K,2,0.60,,,
Lebensmitteltechnologie (B.Sc.),LT1255,Drying Technology,2,Die Studierenden sind mit apparativen Grundlösungen vertraut.,K,1,0.50,,,
Lebensmitteltechnologie (B.Sc.),LT1256,Systems Engineering and Hygienic Design,2,Die Studierenden sind durch die Kenntnis hygienischer Voraussetzung zum Verstehen und Beurteilen der hygienegerechten Gestaltung von Komponenten und Anlagen zur Herstellung sensibler Produkte befähigt.,K,5,0.70,,,
Lebensmitteltechnologie (B.Sc.),LT1049,Industrieanlagen & Facility Management,2,Die Studierenden können Planungsvarianten und deren Bedeutung bei der Realisierung erfassen.,K,4,0.60,,,
Lebensmitteltechnologie (B.Sc.),LT1049,Industrieanlagen & Facility Management,3,"Die Studierenden sind in der Lage, Planungsvarianten unter dem Aspekt der Funktionalität zu prüfen.",K,5,0.70,,,
Lebensmitteltechnologie (B.Sc.),LT1049,Industrieanlagen & Facility Management,4,Die Studierenden vertiefen die Anwendung für die Praxis anhand von Beispielen und Übungsprojekten in weitgehend selbstständiger Arbeitsweise.,K,3,0.60,,,
Lebensmitteltechnologie (B.Sc.),LT1257,Industrial Plants and Facility Management,2,Die Studierenden können Planungsvarianten und deren Bedeutung bei der Realisierung erfassen.,K,4,0.60,,,
Lebensmitteltechnologie (B.Sc.),LT1257,Industrial Plants and Facility Management,4,Die Studierenden vertiefen die Anwendung für die Praxis anhand von Beispielen und Übungsprojekten in weitgehend selbstständiger Arbeitsweise.,K,3,0.60,,,
Lebensmitteltechnologie (B.Sc.),LT1360,Grundlagen der Informatik,4,Die Studierenden beherrschen grundlegende Programmiertechniken und haben Basiswissen über Datenstrukturen und Algorithmen.,K,1,0.50,,,
Lebensmitteltechnologie (B.Sc.),LT1360,Grundlagen der Informatik,6,Die Studierenden verfügen über ein fundiertes Grundwissen über die Konzepte einer höheren Programmiersprache.,K,1,0.60,,,
Lebensmitteltechnologie (B.Sc.),LT1359,Fundamentals of Computer Science,4,Die Studierenden beherrschen grundlegende Programmiertechniken und haben Basiswissen über Datenstrukturen und Algorithmen.,K,1,0.50,,,
Lebensmitteltechnologie (B.Sc.),LT1359,Fundamentals of Computer Science,6,Die Studierenden verfügen über ein fundiertes Grundwissen über die Konzepte einer höheren Programmiersprache.,K,1,0.60,,,
Lebensmitteltechnologie (B.Sc.),LT1397,Auslandsmodul I,2,"Die Studierenden entwickeln und validieren Fach-, Methoden-, Selbst- und Sozialkompetenz in einem internationalen bzw. fremdkulturellen Studienkontext.",K,6,0.50,,,
Lebensmitteltechnologie (B.Sc.),LT1398,Auslandsmodul II,2,"Die Studierenden entwickeln und validieren Fach-, Methoden-, Selbst- und Sozialkompetenz in einem internationalen bzw. fremdkulturellen Studienkontext.",K,6,0.50,,,
Lebensmitteltechnologie (B.Sc.),LT1001,Interkulturelle Kompetenz,1,"Die Studierenden lernen den Umgang mit anderen Kulturen, indem sie für deren charakteristische Eigenschaften sensibilisiert werden.",K,2,0.60,,,
Lebensmitteltechnologie (B.Sc.),LT1001,Interkulturelle Kompetenz,3,Die Studierenden lernen den Umgang mit Konflikten und Vorurteilen zwischen Kulturen.,K,3,0.60,,,
Lebensmitteltechnologie (B.Sc.),LT1001,Interkulturelle Kompetenz,4,"Die Studierenden werden mit verschiedenen Situationen, Theorien und Übungen zum Erlernen interkultureller Kompetenz konfrontiert und so für interkulturelle Begegnungen sensibilisiert.",K,3,0.60,,,
Lebensmitteltechnologie (B.Sc.),LT1001,Interkulturelle Kompetenz,5,Die Studierenden werden auf künftige Auslandsaufenthalte im Studium und Beruf bzw. die Zusammenarbeit mit multikulturellen Arbeitsgruppen vorbereitet.,S,,0.60,,,
Lebensmitteltechnologie (B.Sc.),LT1001,Interkulturelle Kompetenz,1,Die Studierenden erweitern in Vorbereitung auf den zweisemestrigen Auslandsaufenthalt im Rahmen des erweiterten Bachelor-Studiengangs Lebensmitteltechnologie PLUS ihre sprachlichen Kenntnisse,K,3,0.60,,,
Mechatronik (B.Sc.),ET1599,Physik,5,die Grundlagen der spez.,S,,0.90,,,
Mechatronik (B.Sc.),ET1599,Physik,8,qualitativ die chem.,S,,0.90,,,
Mechatronik (B.Sc.),ET1600,Technikprojekt,6,Grundverständnis für technische und physikalische Zusammenhänge,I,,0.70,,,
Mechatronik (B.Sc.),ET1600,Technikprojekt,13,methodisches Arbeiten,I,,0.60,,,
Mechatronik (B.Sc.),ET1588,Xperience Lab 1,3,Messergebnisse zu dokumentieren und zu bewerten,K,5,0.85,,,
Mechatronik (B.Sc.),ET1113,Grundlagen der Thermodynamik und Strömungslehre,3,Die Studierenden beherrschen die Grundlagen der Strömungslehre.,K,1,0.60,,,
Mechatronik (B.Sc.),ET1114,Maschinenelemente und Werkstoffe im Maschinenbau,2,die Funktion und das Zusammenwirken der Maschinenelemente innerhalb einer Maschine zu erkennen,K,4,0.75,,,
Mechatronik (B.Sc.),ET1116,Praktikum: Mechatronik,2,"Zur praktischen Vertiefung werden mechatronische Prozesse, die jeweils Teilaspekte aus der Elektrotechnik, dem Maschinenbau und der Informationstechnik beinhalten in einem Entwicklungsprojekt oder im Experiment behandelt.",I,,0.90,,,
Mechatronik (B.Sc.),ET1041,Feldbusse,4,Das Modul integriert Fachkompetenzen der Digitaltechnik und der Informatik.,I,,0.95,,,
Wirtschaftsinformatik (B.Sc.),AI1438,Mathematik für Wirtschaftsinformatiker 1,2,"Die Studierenden erwerben Kompetenzen, die ihnen erlauben, selbständig weiterführende Lernprozesse zu gestalten und sich mit Fachvertretern und mit Laien über Ideen, Probleme und Lösungen auszutauschen.",K,6,0.60,,,
Wirtschaftsinformatik (B.Sc.),AI1438,Mathematik für Wirtschaftsinformatiker 1,3,Es werden systematische und methodische Vorgehensweisen geschult.,S,,0.70,,,
Wirtschaftsinformatik (B.Sc.),AI1012,Algorithmen und Datenstrukturen,6,Die Studierenden erstellen in Gruppen Präsentationen zu selbst erarbeiteten komplexen Datenstrukturen und Algorithmen.,K,6,0.65,,,
Wirtschaftsinformatik (B.Sc.),AI1274,Management und Marketing,1,Management: Die Studierenden verfügen über Kompetenzen im Bereich Unternehmens- und Personalführung sowie Organisation.,K,3,0.50,,,
Wirtschaftsinformatik (B.Sc.),AI1274,Management und Marketing,3,"Marketing: Die Studierenden verfügen über detaillierte Kenntnisse der Prozesse im Marketing, um Informatik-Leistungen auch an externe oder interne Kunden vermarkten zu können und sind mit den Instrumenten des Marketings vertraut.",K,3,0.65,,,
Wirtschaftsinformatik (B.Sc.),AI1275,Controlling und IT Controlling,1,Viele Informatiker*innen werden im Verlauf ihres Berufslebens Linien- oder Projektverantwortung tragen.,S,,0.95,,,
Wirtschaftsinformatik (B.Sc.),AI1275,Controlling und IT Controlling,3,Die LVA Controlling und IT Controlling vermittelt ihnen die hierfür notwendigen Kenntnisse und Fähigkeiten.,S,,0.80,,,
Wirtschaftsinformatik (B.Sc.),AI1045,CRM-Systeme,4,"Die Studierenden vertiefen das bisher in grundlegenden Veranstaltungen zur Betriebswirtschaft, zu ERP-Systemen und zum Data-Warehouse Gelernte unter dem Aspekt des Kundenbeziehungsmanagements und können die verschiedenen Themengebiete unter dem CRM-Aspekt unterscheiden und den entsprechenden Komponenten zuordnen.",K,4,0.80,,,
Wirtschaftsinformatik (B.Sc.),AI1030,Entwicklung von betrieblicher Anwendungssoftware,4,AI1030 Entwicklung von betrieblicher Anwendungssoftware SPO B.Sc.,S,,1.00,,,
Wirtschaftsinformatik (B.Sc.),AI1273,Grundlagen der Wirtschaftspolitik,4,Beteiligen sich aktiv an aktuellen wirtschaftspolitischen Debatten.,K,3,0.65,,,
Wirtschaftsinformatik (B.Sc.),AI1273,Grundlagen der Wirtschaftspolitik,5,Die Studierenden ordnen die vorgebrachten Argumente theoretisch ein und bewerten diese.,K,5,0.90,,,
Wirtschaftsingenieurwesen (B.Sc.),ET1599,Physik,6,Relativitätstheorie zu beschreiben und den rechnerischen Umgang mit deren technischen Konsequenzen zu nennen,K,2,0.60,,,
Wirtschaftsingenieurwesen (B.Sc.),ET1600,Technikprojekt,6,Grundverständnis für technische und physikalische Zusammenhänge,I,,0.70,,,
Wirtschaftsingenieurwesen (B.Sc.),ET1600,Technikprojekt,7,Verständnis einfacher elektrischer Schaltungen,I,,0.70,,,
Wirtschaftsingenieurwesen (B.Sc.),ET1600,Technikprojekt,13,methodisches Arbeiten,I,,0.65,,,
Wirtschaftsingenieurwesen (B.Sc.),ET1601,Wissenschaftliches Arbeiten und Technisches Englisch,2,"die Gewinnauswirkung, Eigenkapitalauswirkung und Cash-Auswirkung eines Geschäftsvorfalles zu",S,,0.60,,,
Wirtschaftsingenieurwesen (B.Sc.),ET1047,Wahrscheinlichkeitsrechnung und Statistik,1,Die Teilnehmenden,S,,0.99,,,
Wirtschaftsingenieurwesen (B.Sc.),ET1016,Einführung in die Messtechnik und Systemtheorie,2,"die wesentlichen Investitionsrechenverfahren auf einfache Fallbeispiele anzuwenden, die Vor- und Nachteile der Verfahren zu beschreiben und ihre Aussagen zu beurteilen",K,5,0.85,,,
Wirtschaftsingenieurwesen (B.Sc.),ET1603,Projektmanagement,1,"Das Modul vermittelt grundlegende Kenntnisse, Fertigkeiten und Kompetenzen für die Durchführung komplexer Projekte.",S,,0.85,,,
Wirtschaftsingenieurwesen (B.Sc.),ET1603,Projektmanagement,4,"Das Modul fördert außerdem Fach-, Sozial- und Selbstkompetenzen, die für die effektive Zusammenarbeit und persönliche Entwicklung entscheidend sind.",S,,0.80,,,
Wirtschaftsingenieurwesen (B.Sc.),ET1041,Feldbusse,4,Das Modul integriert Fachkompetenzen der Digitaltechnik und der Informatik.,I,,0.90,,,
Wirtschaftsingenieurwesen (B.Sc.),ET1643,Operations Research,7,"dabei ihre Fähigkeit zu analytischem, logischem Denken zu demonstrieren",K,3,0.60,,,
Wirtschaftsingenieurwesen Life Sciences (B.Sc.),LT1186,Mathematik I,1,Die Studierenden werden in das mathematische Denken eingeführt.,S,,0.75,,,
Wirtschaftsingenieurwesen Life Sciences (B.Sc.),LT1187,Allgemeine Chemie,3,Die Studierenden sind aufgrund der Kenntnisse des stöchiometrischen Rechnens für die praktische Laborarbeit gut vorbereitet.,S,,0.65,,,
Wirtschaftsingenieurwesen Life Sciences (B.Sc.),LT1187,Allgemeine Chemie,4,Die Studierenden beherrschen durch die Beschäftigung mit der Chemie strukturiertes Arbeiten und logisches Denken.,K,3,0.60,,,
Wirtschaftsingenieurwesen Life Sciences (B.Sc.),LT1225,General Chemistry,3,Die Studierenden sind aufgrund der Kenntnisse des stöchiometrischen Rechnens für die praktische Laborarbeit gut vorbereitet.,K,3,0.50,,,
Wirtschaftsingenieurwesen Life Sciences (B.Sc.),LT1225,General Chemistry,4,Die Studierenden beherrschen durch die Beschäftigung mit der Chemie strukturiertes Arbeiten und logisches Denken.,K,3,0.50,,,
Wirtschaftsingenieurwesen Life Sciences (B.Sc.),LT1123,Grundlagen des wissenschaftlichen Arbeitens,4,Die Studierenden verfügen über Handlungs- und Problemlösungskompetenz.,K,3,0.50,,,
Wirtschaftsingenieurwesen Life Sciences (B.Sc.),LT1228,Principles of Scientific Research,4,Die Studierenden verfügen über Handlungs- und Problemlösungskompetenz.,K,3,0.50,,,
Wirtschaftsingenieurwesen Life Sciences (B.Sc.),LT1191,Mathematik II,1,Die Studierenden werden in das mathematische Denken eingeführt.,S,,0.70,,,
Wirtschaftsingenieurwesen Life Sciences (B.Sc.),LT1230,Mathematics II,1,Die Studierenden werden in das mathematische Denken eingeführt.,S,,0.70,,,
Wirtschaftsingenieurwesen Life Sciences (B.Sc.),LT1242,Thermal Process Engineering,3,Die Studierenden beherrschen die Bilanzierungen bzgl.,S,,0.70,,,
Wirtschaftsingenieurwesen Life Sciences (B.Sc.),LT1242,Thermal Process Engineering,4,Masse und Energie.,S,,0.90,,,
Wirtschaftsingenieurwesen Life Sciences (B.Sc.),LT1284,Statistics for Business Engineers,1,Die Studierenden werden in die Denkweise und die Methoden der Statistik eingeführt.,S,,0.70,,,
Wirtschaftsingenieurwesen Life Sciences (B.Sc.),LT1102,Verbraucher- und Marktforschung,2,"Die Studierenden erwerben detaillierte und fundierte Kenntnisse des Marktes, des Konkurrenzumfeldes und der Verbrauchermeinung, die essentiell sind, um ein Unternehmen erfolgreich am Markt zu positionieren und durch gezielte Marketingstrategien auf Wachstumskurs zu halten.",K,1,0.60,,,
Wirtschaftsingenieurwesen Life Sciences (B.Sc.),LT1249,Food Law,3,Die Studierenden erlangen Kompetenzen in den Entscheidungsfeldern nationaler und internationaler Geschäftstätigkeit.,K,1,0.60,,,
Wirtschaftsingenieurwesen Life Sciences (B.Sc.),LT1252,Internship,1,Die Studierenden orientieren sich in den verschiedenen Berufsfeldern.,K,1,0.50,,,
Wirtschaftsingenieurwesen Life Sciences (B.Sc.),LT1194,Lebensmitteltechnologie I,5,Die Studierenden erlangen die Grundlagen für die Beurteilung bestehender und alternativer Technologien und können sich zukünftig im Felde der Herstellungstechnologien kreativ und innovativ betätigen.,K,6,0.60,,,
Wirtschaftsingenieurwesen Life Sciences (B.Sc.),LT1235,Food Technology I,5,Die Studierenden erlangen die Grundlagen für die Beurteilung bestehender und alternativer Technologien und können sich zukünftig im Felde der Herstellungstechnologien kreativ und innovativ betätigen.,K,6,0.60,,,
Wirtschaftsingenieurwesen Life Sciences (B.Sc.),LT1197,Lebensmitteltechnologie II,2,Die Studierenden werden zu einer ganzheitlichen Betrachtungsweise komplexer Vorgänge befähigt.,K,2,0.60,,,
Wirtschaftsingenieurwesen Life Sciences (B.Sc.),LT1197,Lebensmitteltechnologie II,2,Die Studierenden werden zu einer ganzheitlichen Betrachtungsweise komplexer Vorgänge befähigt.,K,2,0.60,,,
Wirtschaftsingenieurwesen Life Sciences (B.Sc.),LT1239,Food Hygiene,7,"Sie üben, ihr gemeinsames Handeln zu koordinieren und organisieren, und werden sich alternativer Beitragsmöglichkeiten zu tragfähigen Lösungen bewusst.",K,3,0.65,,,
Wirtschaftsingenieurwesen Life Sciences (B.Sc.),LT1322,Qualitätsmanagement (IBT),1,Die Studierenden sollen nach einer Einführung in das Thema Qualitätsmanagement vor allem dessen Umsetzung durch die „Good Manufacturing Practice“ (GMP) vermittelt bekommen.,S,,0.80,,,
Wirtschaftsingenieurwesen Life Sciences (B.Sc.),LT1322,Qualitätsmanagement (IBT),2,"Ziel ist es, initiale Kenntnisse über GMP von der Produktentwicklung über die Produktion bis zur Marktzulassung zu erlangen",S,,0.75,,,
Wirtschaftsingenieurwesen Life Sciences (B.Sc.),LT1322,Qualitätsmanagement (IBT),8,"Die Thematik wird im Team bearbeitet und das erarbeitete Ergebnis präsentiert und diskutiert. [Team-/Führungsfähigkeit, 6]",S,,0.60,,,
Wirtschaftsingenieurwesen Life Sciences (B.Sc.),LT1323,Quality Management (IBT),8,"Die Thematik wird im Team bearbeitet und das erarbeitete Ergebnis präsentiert und diskutiert. [Team-/Führungsfähigkeit, 6]",S,,0.60,,,
Wirtschaftsingenieurwesen Life Sciences (B.Sc.),LT1323,Quality Management (IBT),10,Die Studierenden sind in der Lage entsprechende Dokumentationsunterlagen zu beurteilen.,K,5,0.90,,,
Wirtschaftsingenieurwesen (M.Sc.),ET5131,Data Science,5,Die Bearbeitung von Projektaufgaben einzeln und im Team erfordert die Anwendung früher erworbenen Fachkenntnisse und Erschließung neuer Sachverhalte im Sinne des forschenden Lernens.,I,,0.60,,,
Wirtschaftsingenieurwesen (M.Sc.),ET5131,Data Science,6,Kommunikative Fähigkeiten werden durch die Vorstellung von Arbeitsergebnissen vor den Kursmitgliedern erworben.,I,,0.60,,,
Wirtschaftsingenieurwesen (M.Sc.),ET5101,Laboratory for ERP and MES systems,8,"Sie entwickeln Führungskompetenz im Spannungsfeld von Ökonomie, Recht und Ethik bei unternehmerischen Entscheidungen.",K,6,0.60,,,
Wirtschaftsingenieurwesen (M.Sc.),ET5100,Production management,3,Die Studierenden vertiefen ihre Schlüsselqualifikationen hinsichtlich interkultureller Kommunikation.,K,3,0.60,,,
Wirtschaftsingenieurwesen (M.Sc.),ET5100,Production management,4,Sie lernen Kommunikationsmodelle kennen und bauen ihre persönliche interkulturelle Kompetenz aus.,K,1,0.60,,,
